<?xml version="1.0" encoding="UTF-8"?>
<configuration>
  
  <!-- general logging in console -->
  <appender name="STDOUT" class="ch.qos.logback.core.ConsoleAppender">
    <encoder>
      <pattern>%d{yyyy-MM-dd HH:mm:ss.SSS} %-5level %logger{0} [%thread] - %msg%n</pattern>
    </encoder>
  </appender>
  
  <!-- main rolling log file -->
  <appender name="MAIN_LOG_FILE" class="ch.qos.logback.core.rolling.RollingFileAppender">
    <rollingPolicy class="ch.qos.logback.core.rolling.TimeBasedRollingPolicy">
      <fileNamePattern>log_%d{yyyyMMdd}.txt</fileNamePattern>
      <maxHistory>14</maxHistory>
      <totalSizeCap>10GB</totalSizeCap>
    </rollingPolicy>
    <encoder>
      <pattern>%d{yyyy-MM-dd HH:mm:ss.SSS} %-5level %logger{0} [%thread] - %msg%n</pattern>
    </encoder>
  </appender>
    
  <!-- individual module log files -->
  <property name="MODULE_ID" value="${MODULE_ID:-.}" />
  <appender name="MODULE_FILE" class="ch.qos.logback.core.rolling.RollingFileAppender">
    <file>.moduledata/${MODULE_ID}/log.txt</file>
    <rollingPolicy class="ch.qos.logback.core.rolling.SizeAndTimeBasedRollingPolicy">
      <fileNamePattern>.moduledata/${MODULE_ID}/log.%d{yyyy-MM-dd}.%i.txt</fileNamePattern>
      <maxFileSize>10MB</maxFileSize>
      <maxHistory>30</maxHistory>
      <totalSizeCap>100MB</totalSizeCap>
    </rollingPolicy>
    <encoder>
      <pattern>%d{yyyy-MM-dd HH:mm:ss.SSS} %-5level [%thread] - %msg%n</pattern>
    </encoder>
  </appender>
  
  <root level="warn">
    <appender-ref ref="MAIN_LOG_FILE" />
  </root>
  <logger name="org.sensorhub" level="debug"/>
  <logger name="org.sensorhub.impl.sensor.verizon" level="debug"/>
  <logger name="org.eclipse.jetty" level="warn" />
  <logger name="org.vast" level="warn"/>
  
</configuration>
